,network_health,compromised_nodes,attack_success_rate
0,0.8152129200751532,4,0.3666922764791755
1,0.8057323457941,1,0.1546537435503183
2,0.9250208361968268,5,0.1197632666207053
3,0.625848409014433,3,0.34632155572056705
4,0.9154640505735436,4,0.16658122291666283
5,0.8802656408255431,5,0.28064061624072406
6,0.8028075662379677,4,0.2459442637505011
7,0.6503741173474351,5,0.321720760152137
8,0.944612636437768,2,0.20399195490590932
9,0.8993457266853406,5,0.13838318267028027
